{
  "liveweer": [
    {
      "plaats": "Amsterdam",
      "temp": "4.6",
      "gtemp": "4.6",
      "samenv": "Licht bewolkt",
      "lv": "79",
      "windr": "NW",
      "windms": "1",
      "winds": "1",
      "windk": "1.9",
      "windkmh": "3.6",
      "luchtd": "1032.7",
      "ldmmhg": "775",
      "dauwp": "1",
      "zicht": "34",
      "verw": "Perioden met zon, vanmiddag lokaal een bui",
      "sup": "06:44",
      "sunder": "20:38",
      "image": "halfbewolkt",
      "d0weer": "halfbewolkt",
      "d0tmax": "10",
      "d0tmin": "0",
      "d0windk": "2",
      "d0windknp": "6",
      "d0windms": "3",
      "d0windkmh": "11",
      "d0windr": "W",
      "d0neerslag": "4",
      "d0zon": "49",
      "d1weer": "halfbewolkt_regen",
      "d1tmax": "9",
      "d1tmin": "-1",
      "d1windk": "2",
      "d1windknp": "6",
      "d1windms": "3",
      "d1windkmh": "11",
      "d1windr": "N",
      "d1neerslag": "40",
      "d1zon": "50",
      "d2weer": "halfbewolkt",
      "d2tmax": "9",
      "d2tmin": "1",
      "d2windk": "2",
      "d2windknp": "6",
      "d2windms": "3",
      "d2windkmh": "11",
      "d2windr": "NO",
      "d2neerslag": "20",
      "d2zon": "40",
      "alarm": "0"
    }
  ]
}