{
    "coord": {
        "lon": 4.8897,
        "lat": 52.374
    },
    "weather": [
        {
            "id": 803,
            "main": "Clouds",
            "description": "broken clouds",
            "icon": "04d"
        }
    ],
    "base": "stations",
    "main": {
        "temp": 6.67,
        "feels_like": 1.17,
        "temp_min": 5.47,
        "temp_max": 7.21,
        "pressure": 1002,
        "humidity": 91
    },
    "visibility": 4000,
    "wind": {
        "speed": 12.86,
        "deg": 240
    },
    "clouds": {
        "all": 75
    },
    "dt": 1649068935,
    "sys": {
        "type": 2,
        "id": 2012552,
        "country": "NL",
        "sunrise": 1649048890,
        "sunset": 1649096304
    },
    "timezone": 7200,
    "id": 2759794,
    "name": "Amsterdam",
    "cod": 200
}